name,OBJECTID,date,line,entries,exits,LAT,LONG
1 AV,1,03/10/2020,L,14700,18611,40.7313271,-73.9824354
103 ST,2,03/10/2020,1,10205,5482,40.7962859,-73.961648
103 ST,3,03/10/2020,6,12479,12097,40.7902602,-73.9478665
103 ST,4,03/10/2020,BC,4122,2900,40.7902602,-73.9478665
103 ST-CORONA,5,03/10/2020,7,20229,13725,40.7498268,-73.862746
104 ST,6,03/10/2020,A,1466,599,40.6951456,-73.8443046
104 ST,7,03/10/2020,JZ,2567,1282,40.6951456,-73.8443046
110 ST,8,03/10/2020,6,10192,9549,40.7948233,-73.9446315
111 ST,9,03/10/2020,7,11218,7375,40.75172999999999,-73.855334
111 ST,10,03/10/2020,A,2510,881,40.7516718,-73.8553273
111 ST,11,03/10/2020,J,2209,1335,40.6973802,-73.8363213
116 ST,12,03/10/2020,23,9714,5330,40.79863,-73.94162
116 ST,13,03/10/2020,6,14278,9491,40.79863,-73.94162
116 ST,14,03/10/2020,BC,6776,5311,40.80443410000001,-73.955359
116 ST-COLUMBIA,15,03/10/2020,1,8945,5709,40.808043,-73.9639122
121 ST,16,03/10/2020,JZ,2223,1370,40.7003193,-73.8290986
125 ST,17,03/10/2020,1,6543,7057,40.8043863,-73.9374292
125 ST,18,03/10/2020,23,11323,6615,40.807,-73.945
125 ST,19,03/10/2020,456,25737,23874,40.8043863,-73.9374292
125 ST,20,03/10/2020,ACBD,26973,24312,40.8043863,-73.9374292
135 ST,21,03/10/2020,23,13026,4865,40.8141,-73.9409
135 ST,22,03/10/2020,BC,5862,4597,40.817894,-73.947647
137 ST CITY COL,23,03/10/2020,1,12334,12102,40.821374,-73.95440099999999
138/GRAND CONC,24,03/10/2020,45,1986,1331,40.8132249,-73.9298111
14 ST,25,03/10/2020,123FLM,17125,9765,40.7382176,-73.9999361
14 ST,26,03/10/2020,ACEL,14798,15556,40.7313271,-73.9824354
14 ST,27,03/10/2020,FLM123,15305,17533,40.7382176,-73.9999361
14 ST-UNION SQ,28,03/10/2020,456LNQRW,26881,26652,40.7345371,-73.99032350000002
14 ST-UNION SQ,29,03/10/2020,LNQR456W,55233,52253,40.7345371,-73.99032350000002
145 ST,30,03/10/2020,1,8284,7718,40.826604,-73.95038339999999
145 ST,31,03/10/2020,3,3334,403,40.8204191,-73.936249
145 ST,32,03/10/2020,ABCD,23445,24386,40.8240532,-73.9447623
149/GRAND CONC,33,03/10/2020,245,14772,8608,40.8183248,-73.9274121
14TH STREET,34,03/10/2020,1,7449,7866,40.7382176,-73.9999361
15 ST-PROSPECT,35,03/10/2020,FG,5876,3497,40.6604292,-73.9797224
155 ST,36,03/10/2020,BD,3571,1944,40.8303393,-73.9367212
155 ST,37,03/10/2020,C,2631,2183,40.8303393,-73.9367212
157 ST,38,03/10/2020,1,9457,7177,40.83418289999999,-73.94481549999999
161/YANKEE STAD,39,03/10/2020,4BD,8325,3083,40.8279249,-73.92580099999999
161/YANKEE STAD,40,03/10/2020,BD4,11979,6297,40.8279249,-73.92580099999999
163 ST-AMSTERDM,41,03/10/2020,C,4288,3782,40.83562850000001,-73.9398925
167 ST,42,03/10/2020,4,8368,9120,40.8357232,-73.9211957
167 ST,43,03/10/2020,BD,6906,4469,40.8357232,-73.9211957
168 ST,44,03/10/2020,1AC,9248,10029,40.8408407,-73.9396297
168 ST,45,03/10/2020,AC1,11752,4172,40.8408407,-73.9396297
169 ST,46,03/10/2020,F,7869,7779,40.7107146,-73.7930083
170 ST,47,03/10/2020,4,8108,6357,40.8400763,-73.91790689999999
170 ST,48,03/10/2020,BD,6694,4209,40.8400504,-73.9133477
174 ST,49,03/10/2020,25,5037,5395,40.8374234,-73.8877791
174-175 STS,50,03/10/2020,BD,4975,2750,40.846524,-73.9097269
175 ST,51,03/10/2020,A,11627,6825,40.8464761,-73.9399866
176 ST,52,03/10/2020,4,5414,3606,40.8484577,-73.9117417
18 AV,53,03/10/2020,D,5653,1490,40.6296673,-73.9770029
18 AV,54,03/10/2020,F,3224,2451,40.6296673,-73.9770029
18 AV,55,03/10/2020,N,3950,2854,40.6201053,-73.9894661
18 ST,56,03/10/2020,1,6566,4671,40.74106949999999,-73.9978777
181 ST,57,03/10/2020,1,12898,12507,40.84913,-73.93372889999999
181 ST,58,03/10/2020,A,9734,9491,40.84913,-73.93372889999999
182-183 STS,59,03/10/2020,BD,3006,2244,40.8560934,-73.90102949999999
183 ST,60,03/10/2020,4,5663,3568,40.8583762,-73.90391369999999
190 ST,61,03/10/2020,A,2699,604,40.8588858,-73.9342255
191 ST,62,03/10/2020,1,1522,1893,40.8564197,-73.932621
2 AV,63,03/10/2020,F,14190,14833,40.7234127,-73.9902885
20 AV,64,03/10/2020,D,4546,1225,40.60463559999999,-73.9984303
20 AV,65,03/10/2020,N,3417,3447,40.617271,-73.9847709
207 ST,66,03/10/2020,1,5728,4228,40.8644561,-73.91885049999999
21 ST,67,03/10/2020,G,1616,1731,40.7446224,-73.9486362
21 ST-QNSBRIDGE,68,03/10/2020,F,9973,6410,40.75417770000001,-73.94247419999999
215 ST,69,03/10/2020,1,1644,600,40.8695946,-73.9153019
219 ST,70,03/10/2020,25,3141,1793,40.883888,-73.8627468
225 ST,71,03/10/2020,25,3919,1734,40.888092,-73.8604244
23 ST,72,03/10/2020,1,11977,10579,40.74112969999999,-73.9890454
23 ST,73,03/10/2020,6,26641,23223,40.7400595,-73.9864645
23 ST,74,03/10/2020,CE,20023,12570,40.7454792,-73.9986409
23 ST,75,03/10/2020,FM,23813,22973,40.74112969999999,-73.9890454
23 ST,76,03/10/2020,NRW,18917,11585,40.74112969999999,-73.9890454
231 ST,77,03/10/2020,1,8841,1199,40.879025,-73.9049309
233 ST,78,03/10/2020,25,4712,1628,40.8932229,-73.85740910000001
238 ST,79,03/10/2020,1,4042,398,40.8848725,-73.9006842
25 AV,80,03/10/2020,D,4695,1027,40.5975914,-73.9867691
25 ST,81,03/10/2020,R,3653,3059,40.660397,-73.998093
28 ST,82,03/10/2020,1,12668,9520,40.7470686,-73.99350919999999
28 ST,83,03/10/2020,6,16412,16763,40.7433092,-73.98442519999999
28 ST,84,03/10/2020,NRW,10267,12006,40.7470686,-73.99350919999999
3 AV,85,03/10/2020,L,5617,5646,40.7331308,-73.9867663
3 AV 138 ST,86,03/10/2020,6,6627,3364,40.810474,-73.92614000000002
3 AV-149 ST,87,03/10/2020,25,20631,8476,40.8160451,-73.9179347
30 AV,88,03/10/2020,NQW,13650,11592,40.7668562,-73.921323
33 ST,89,03/10/2020,6,23656,19748,40.7461729,-73.9820093
33 ST-RAWSON ST,90,03/10/2020,7,12187,10949,40.7445586,-73.9312333
34 ST-HERALD SQ,91,03/10/2020,BDFMNQRW,90960,92983,40.7500869,-73.98812699999999
34 ST-HUDSON YD,92,03/10/2020,7,15090,16046,40.7549713,-74.0010084
34 ST-PENN STA,93,03/10/2020,123,26575,28288,40.751056,-73.9903102
34 ST-PENN STA,94,03/10/2020,123ACE,35643,34952,40.751056,-73.9903102
34 ST-PENN STA,95,03/10/2020,ACE,63081,62786,40.7519921,-73.993323
36 AV,96,03/10/2020,NQW,6551,6947,40.7566195,-73.9296478
36 ST,97,03/10/2020,DNR,13105,8152,40.6545065,-74.0042335
36 ST,98,03/10/2020,MR,4242,3132,40.6545065,-74.0042335
39 AV,99,03/10/2020,NQW,2913,3228,40.7526897,-73.9328056
4 AV-9 ST,100,03/10/2020,DFGMNR,3135,4680,40.6701803,-73.98929150000001
40 ST LOWERY ST,101,03/10/2020,7,9528,8559,40.7438729,-73.92423409999999
42 ST-BRYANT PK,102,03/10/2020,BDFM7,35828,36074,40.7548368,-73.9841215
42 ST-PORT AUTH,103,03/10/2020,ACENGRS1237W,11401,12317,40.7558611,-73.987061
42 ST-PORT AUTH,104,03/10/2020,ACENQRS1237W,62260,58611,40.7558611,-73.987061
45 ST,105,03/10/2020,R,7286,3999,40.6493612,-74.0095916
46 ST,106,03/10/2020,MR,8197,6929,40.7567515,-73.91421179999999
46 ST BLISS ST,107,03/10/2020,7,12279,9708,40.7430692,-73.9182376
47-50 STS ROCK,108,03/10/2020,BDFM,48690,52497,40.75885,-73.98118610000002
49 ST,109,03/10/2020,NQRW,17936,15979,40.7604939,-73.9837436
4AV-9 ST,110,03/10/2020,DFGMNR,8274,5774,40.6701803,-73.98929150000001
5 AV/53 ST,111,03/10/2020,EM,20915,23989,40.760257,-73.97547039999999
5 AV/59 ST,112,03/10/2020,NQRW,11821,9286,40.7648676,-73.9724231
5 AVE,113,03/10/2020,7BDFM,11102,9763,40.7648676,-73.9724231
50 ST,114,03/10/2020,1,19376,21220,40.7614242,-73.984006
50 ST,115,03/10/2020,CE,16821,11742,40.7623513,-73.9864953
50 ST,116,03/10/2020,D,2712,2659,40.7623513,-73.9864953
51 ST,117,03/10/2020,6,15585,19217,40.757135,-73.9719119
52 ST,118,03/10/2020,7,5986,5510,40.74429019999999,-73.9121748
53 ST,119,03/10/2020,R,8708,8526,40.6446283,-74.0145512
55 ST,120,03/10/2020,D,1589,661,40.6315514,-73.9956328
57 ST,121,03/10/2020,F,11589,11718,40.76416529999999,-73.9773134
57 ST-7 AV,122,03/10/2020,NQRW,28496,19455,40.7655439,-73.9803258
59 ST,123,03/10/2020,456NQRW,32772,33650,40.7648676,-73.9724231
59 ST,124,03/10/2020,NQR456W,11196,7264,40.7648676,-73.9724231
59 ST,125,03/10/2020,NRW,9952,5578,40.762824,-73.967562
59 ST COLUMBUS,126,03/10/2020,1ABCD,10515,8844,40.7687804,-73.9821154
59 ST COLUMBUS,127,03/10/2020,ABCD1,48649,42001,40.7687804,-73.9821154
6 AV,128,03/10/2020,FLM123,1845,2016,40.7382,-73.9999
61 ST WOODSIDE,129,03/10/2020,7,14793,14772,40.7457078,-73.90290399999999
63 DR-REGO PARK,130,03/10/2020,MR,14180,5348,40.7301359,-73.8623673
65 ST,131,03/10/2020,MR,3356,2362,40.7491462,-73.89746869999999
66 ST-LINCOLN,132,03/10/2020,1,18073,19434,40.7736972,-73.9822288
67 AV,133,03/10/2020,MR,8493,4261,40.7270427,-73.8531493
68ST-HUNTER CO,134,03/10/2020,6,23071,20540,40.7678741,-73.9638866
69 ST,135,03/10/2020,7,4750,4862,40.74629059999999,-73.8963229
7 AV,136,03/10/2020,BDE,14852,17820,40.7629749,-73.9819021
7 AV,137,03/10/2020,BQ,9206,8574,40.6773274,-73.9725591
7 AV,138,03/10/2020,FG,11392,5713,40.6668935,-73.9815816
71 ST,139,03/10/2020,D,4849,1525,40.6196212,-73.99877699999999
72 ST,140,03/10/2020,123,30019,31915,40.7686869,-73.9584429
72 ST,141,03/10/2020,BC,7286,6690,40.7762249,-73.976191
72 ST-2 AVE,142,03/10/2020,Q,27866,24801,40.7686869,-73.9584429
74 ST-BROADWAY,143,03/10/2020,7EFMR,3008,4589,40.746739,-73.8909986
75 AV,144,03/10/2020,EF,3185,450,40.71833,-73.83732599999999
75 ST-ELDERTS,145,03/10/2020,JZ,3852,2940,40.69143649999999,-73.8665512
77 ST,146,03/10/2020,6,21989,23434,40.7736346,-73.95982939999999
77 ST,147,03/10/2020,R,5322,2140,40.6297742,-74.0254856
79 ST,148,03/10/2020,1,11863,6145,40.7840525,-73.9800738
79 ST,149,03/10/2020,D,6031,2041,40.6134959,-74.0005379
8 AV,150,03/10/2020,ACEL,17019,11288,40.6345839,-74.01080209999999
8 AV,151,03/10/2020,N,8085,8648,40.6345839,-74.01080209999999
8 ST-NYU,152,03/10/2020,NRW,13067,9154,40.7306065,-73.99244159999999
80 ST,153,03/10/2020,A,4051,2238,40.6793295,-73.8590167
81 ST-MUSEUM,154,03/10/2020,BC,10441,9010,40.7819757,-73.971999
82 ST-JACKSON H,155,03/10/2020,7,14400,16263,40.7477145,-73.8839373
85 ST-FOREST PK,156,03/10/2020,J,3774,1938,40.6924861,-73.8590708
86 ST,157,03/10/2020,1,14956,15704,40.7852685,-73.9695849
86 ST,158,03/10/2020,456,36174,35601,40.7777409,-73.9515672
86 ST,159,03/10/2020,BC,9535,8886,40.7777409,-73.9515672
86 ST,160,03/10/2020,N,2495,2613,40.7777409,-73.9515672
86 ST,161,03/10/2020,R,10507,7695,40.7777409,-73.9515672
86 ST-2 AVE,162,03/10/2020,Q,22524,14926,40.7686869,-73.9584429
88 ST,163,03/10/2020,A,2820,1142,40.679844,-73.851471
9 AV,164,03/10/2020,D,4968,5102,40.6463399,-73.9943655
90 ST-ELMHURST,165,03/10/2020,7,16108,8176,40.7484367,-73.8765289
96 ST,166,03/10/2020,123,30212,29433,40.7941912,-73.9721368
96 ST,167,03/10/2020,6,16061,6195,40.785672,-73.95107
96 ST,168,03/10/2020,BC,9164,7416,40.7858701,-73.95093469999999
96 ST-2 AVE,169,03/10/2020,Q,17836,13409,40.7834854,-73.9476586
9TH STREET,170,03/10/2020,1,4309,4350,40.7342315,-73.998802
ALABAMA AV,171,03/10/2020,J,2199,2355,40.6768953,-73.89941189999999
ALLERTON AV,172,03/10/2020,25,5187,2296,40.86539370000001,-73.8672655
AQUEDUCT N.COND,173,03/10/2020,A,849,1265,40.6692611,-73.83466609999999
AQUEDUCT RACETR,174,03/10/2020,A,920,129,40.6721498,-73.8356843
ASTOR PL,175,03/10/2020,6,12789,14599,40.7300939,-73.9908372
ASTORIA BLVD,176,03/10/2020,NQW,7907,7740,40.7704684,-73.9175448
ASTORIA DITMARS,177,03/10/2020,NQW,16169,14563,40.7750119,-73.91211
ATL AV-BARCLAY,178,03/10/2020,2345BDNQR,19498,17838,40.6837,-73.9788
ATL AV-BARCLAY,179,03/10/2020,BDNQR2345,19542,18177,40.6837,-73.9788
ATLANTIC AV,180,03/10/2020,L,1655,734,40.675724,-73.902969
AVENUE H,181,03/10/2020,BQ,3566,3049,40.6297445,-73.9616617
AVENUE I,182,03/10/2020,F,1774,590,40.7137509,-73.9517724
AVENUE J,183,03/10/2020,BQ,4816,2638,40.6252684,-73.9607296
AVENUE M,184,03/10/2020,BQ,4896,2444,40.6180725,-73.9593745
AVENUE N,185,03/10/2020,F,2781,968,40.8588858,-73.9342255
AVENUE P,186,03/10/2020,F,2354,996,40.6087814,-73.9729084
AVENUE U,187,03/10/2020,BQ,6416,2460,40.5990888,-73.9559929
AVENUE U,188,03/10/2020,F,1785,890,40.596062,-73.97335799999999
AVENUE U,189,03/10/2020,N,3103,2362,40.5965048,-73.97894649999999
AVENUE X,190,03/10/2020,F,2765,1682,40.5896822,-73.9742509
B'WAY-LAFAYETTE,191,03/10/2020,BDFQ6,18454,25105,40.7250151,-73.9956959
BAY 50 ST,192,03/10/2020,D,2542,781,40.5888329,-73.9838481
BAY PKWY,193,03/10/2020,D,6942,6739,40.601875,-73.993729
BAY PKWY,194,03/10/2020,F,1285,436,40.6209813,-73.9753623
BAY PKWY,195,03/10/2020,N,4876,4079,40.61188000000001,-73.98187109999999
BAY RIDGE AV,196,03/10/2020,R,7469,4576,40.634968,-74.023376
BAY RIDGE-95 ST,197,03/10/2020,R,5682,3496,40.6167174,-74.0308527
BAYCHESTER AV,198,03/10/2020,5,3939,496,40.8790983,-73.8381028
BEACH 105 ST,199,03/10/2020,AS,213,310,40.5832071,-73.8273751
BEACH 25 ST,200,03/10/2020,A,1731,2084,40.5994598,-73.76184479999999
BEACH 36 ST,201,03/10/2020,A,994,1137,40.595532,-73.7681238
BEACH 44 ST,202,03/10/2020,A,767,864,40.5929209,-73.77594839999999
BEACH 60 ST,203,03/10/2020,A,2029,1614,40.59244,-73.78928300000001
BEACH 67 ST,204,03/10/2020,A,2164,1650,40.5909714,-73.7963169
BEACH 90 ST,205,03/10/2020,AS,654,709,40.5878487,-73.8140238
BEACH 98 ST,206,03/10/2020,AS,434,464,40.5854889,-73.8203521
BEDFORD AV,207,03/10/2020,L,20868,14072,40.71772,-73.95756
BEDFORD PK BLVD,208,03/10/2020,4,5224,4563,40.8734052,-73.8902379
BEDFORD PK BLVD,209,03/10/2020,BD,7079,4100,40.8732636,-73.8871965
BEDFORD-NOSTRAN,210,03/10/2020,G,8109,5097,40.6898534,-73.9516398
BERGEN ST,211,03/10/2020,23,3677,3058,40.680833,-73.97511
BERGEN ST,212,03/10/2020,FG,10752,8010,40.6854538,-73.9913378
BEVERLEY ROAD,213,03/10/2020,BQ,3233,3183,40.6442291,-73.96449799999999
BEVERLY RD,214,03/10/2020,25,4326,803,40.6450913,-73.9489985
BLEECKER ST,215,03/10/2020,6DF,12164,5432,40.725914,-73.994659
BOROUGH HALL,216,03/10/2020,2345R,29621,20499,40.692406,-73.99015
BOROUGH HALL,217,03/10/2020,R2345,2436,1623,40.6931492,-73.9900883
BOTANIC GARDEN,218,03/10/2020,S2345,1489,2099,40.8673723,-73.8814891
BOWERY,219,03/10/2020,JZ,3230,2845,40.7201669,-73.9935279
BOWLING GREEN,220,03/10/2020,45,25048,23532,40.7048108,-74.0144596
BRIARWOOD,221,03/10/2020,EF,4920,2571,40.7096749,-73.81954309999999
BRIGHTON BEACH,222,03/10/2020,BQ,11969,7694,40.5951531,-73.9550266
BROAD CHANNEL,223,03/10/2020,AS,295,67,40.60799979999999,-73.8158045
BROAD ST,224,03/10/2020,JZ,7487,2729,40.7070097,-74.0107831
BROADWAY,225,03/10/2020,G,4557,3851,40.7055695,-73.9500836
BROADWAY,226,03/10/2020,NQW,11381,10989,40.7306065,-73.99244159999999
BROADWAY JCT,227,03/10/2020,ACJLZ,7758,7253,40.6792814,-73.9040773
BRONX PARK EAST,228,03/10/2020,25,2563,1203,40.848986,-73.8683877
BROOK AV,229,03/10/2020,6,5840,5811,40.807568,-73.919243
BROOKLYN BRIDGE,230,03/10/2020,456JZ,16851,14803,40.7128218,-74.0042836
BUHRE AV,231,03/10/2020,6,3763,3816,40.8469121,-73.8323569
BURKE AV,232,03/10/2020,25,3282,1537,40.8714516,-73.8670726
BURNSIDE AV,233,03/10/2020,4,10190,5465,40.853455,-73.90768400000002
BUSHWICK AV,234,03/10/2020,L,2055,1446,40.6823373,-73.9051413
CANAL ST,235,03/10/2020,1,5017,5039,40.7225785,-74.0061029
CANAL ST,236,03/10/2020,ACE,16460,13643,40.7207905,-74.0051616
CANAL ST,237,03/10/2020,JNQRZ6W,31664,26931,40.719528,-74.001778
CANARSIE-ROCKAW,238,03/10/2020,L,10177,1831,40.645567,-73.90256409999999
CARROLL ST,239,03/10/2020,FG,10969,4991,40.6793313,-73.9954833
CASTLE HILL AV,240,03/10/2020,6,6535,6993,40.83429599999999,-73.85168399999999
CATHEDRAL PKWY,241,03/10/2020,1,9676,6427,40.8041795,-73.9667097
CATHEDRAL PKWY,242,03/10/2020,BC,6738,3349,40.8008803,-73.958392
CENTRAL AV,243,03/10/2020,M,4525,4605,40.6978289,-73.9273632
CENTRAL PK N110,244,03/10/2020,23,7512,7454,40.798,-73.953
CHAMBERS ST,245,03/10/2020,123,18656,16701,40.7155134,-74.0092227
CHAMBERS ST,246,03/10/2020,ACE23,26234,16935,40.7143048,-74.0084412
CHAMBERS ST,247,03/10/2020,JZ456,10310,11493,40.7131034,-74.0040466
CHAUNCEY ST,248,03/10/2020,JZ,3133,1717,40.682892,-73.910454
CHRISTOPHER ST,249,03/10/2020,1,12345,12469,40.73357840000001,-74.00287279999999
CHURCH AV,250,03/10/2020,25,9446,2008,40.6495233,-73.9632839
CHURCH AV,251,03/10/2020,BQ,15462,16253,40.6495233,-73.9632839
CHURCH AV,252,03/10/2020,FG,9024,5964,40.6436845,-73.9796075
CITY / BUS,253,03/10/2020,1,14253,15102,40.7313271,-73.9824354
CITY HALL,254,03/10/2020,NRW,5891,3095,40.7135245,-74.00671009999999
CLARK ST,255,03/10/2020,23,4748,2852,40.7400595,-73.9864645
CLASSON AV,256,03/10/2020,G,5098,5223,40.6888172,-73.95985739999999
CLEVELAND ST,257,03/10/2020,J,3017,3342,40.679629,-73.885589
CLINTON-WASH AV,258,03/10/2020,C,6785,5287,40.6880915,-73.9675499
CLINTON-WASH AV,259,03/10/2020,G,5010,2713,40.6880915,-73.9675499
CONEY IS-STILLW,260,03/10/2020,DFNQ,10359,9435,40.576313,-73.968498
CORTELYOU RD,261,03/10/2020,BQ,6032,1868,40.6412697,-73.9639694
CORTLANDT ST,262,03/10/2020,RNW,15628,13472,40.71100560000001,-74.010763
COURT SQ,263,03/10/2020,7,4705,5535,40.7468031,-73.94528369999999
COURT SQ,264,03/10/2020,EMG,10252,10736,40.7468031,-73.94528369999999
COURT SQ-23 ST,265,03/10/2020,EMG,5689,2511,40.7480508,-73.94704779999999
CRESCENT ST,266,03/10/2020,JZ,4512,5104,40.68346409999999,-73.872933
CROWN HTS-UTICA,267,03/10/2020,34,24810,19603,40.6689469,-73.93183379999999
CYPRESS AV,268,03/10/2020,6,3340,2549,40.8052426,-73.9137116
CYPRESS HILLS,269,03/10/2020,J,1586,989,40.689941,-73.87255100000002
DEKALB AV,270,03/10/2020,BDNQR,18235,7975,40.6897553,-73.9811407
DEKALB AV,271,03/10/2020,L,9187,2756,40.704294,-73.919277
DELANCEY/ESSEX,272,03/10/2020,FJMZ,24725,19210,40.7185592,-73.9881894
DITMAS AV,273,03/10/2020,F,3591,2099,40.63553599999999,-73.9781422
DYCKMAN ST,274,03/10/2020,1,6506,3648,40.86549,-73.927269
DYCKMAN ST,275,03/10/2020,A,6575,188,40.86549,-73.927269
E 143/ST MARY'S,276,03/10/2020,6,1210,1446,40.8082006,-73.9078528
E 149 ST,277,03/10/2020,6,5591,5424,40.812119,-73.904099
E 180 ST,278,03/10/2020,25,7527,6928,40.841892,-73.87348899999999
EAST 105 ST,279,03/10/2020,L,3367,3598,40.651308,-73.899021
EAST BROADWAY,280,03/10/2020,F,12124,6552,40.7144029,-73.9899161
EASTCHSTER/DYRE,281,03/10/2020,5,4410,4890,40.8877548,-73.8312129
EASTN PKWY-MUSM,282,03/10/2020,23,3548,4370,40.6719938,-73.9642065
ELDER AV,283,03/10/2020,6,6473,6852,40.82858299999999,-73.87915799999999
ELMHURST AV,284,03/10/2020,MR,9290,2402,40.7416669,-73.8812555
EUCLID AV,285,03/10/2020,AC,10354,3370,40.6754013,-73.8719033
EXCHANGE PLACE,286,03/10/2020,1,13717,13689,40.71676,-74.03238
FAR ROCKAWAY,287,03/10/2020,A,4297,4624,40.6042178,-73.7549998
FLATBUSH AV-B.C,288,03/10/2020,25,20292,13463,40.630641,-73.94535479999999
FLUSHING AV,289,03/10/2020,G,2352,2549,40.6997972,-73.95005809999999
FLUSHING AV,290,03/10/2020,JM,8607,5270,40.7003285,-73.9412453
FLUSHING-MAIN,291,03/10/2020,7,48226,44069,40.7595582,-73.82992209999999
FORDHAM RD,292,03/10/2020,4,9709,2090,40.8628946,-73.9010935
FORDHAM RD,293,03/10/2020,BD,11551,6705,40.8613635,-73.897716
FOREST AVE,294,03/10/2020,M,4406,3584,40.704422,-73.903076
FOREST HILLS 71,295,03/10/2020,EFMR,24062,12980,40.721691,-73.844521
FRANKLIN AV,296,03/10/2020,2345S,11143,7134,40.670711,-73.958545
FRANKLIN AV,297,03/10/2020,ACS,5779,6154,40.6811075,-73.9556708
FRANKLIN ST,298,03/10/2020,1,4328,2829,40.7190006,-74.0066793
FREEMAN ST,299,03/10/2020,25,4328,3588,40.8301745,-73.8917088
FRESH POND RD,300,03/10/2020,M,6068,6602,40.706231,-73.895939
FT HAMILTON PKY,301,03/10/2020,D,3476,2133,40.64978079999999,-73.9757703
FT HAMILTON PKY,302,03/10/2020,FG,5727,1875,40.64978079999999,-73.9757703
FT HAMILTON PKY,303,03/10/2020,N,5628,3240,40.64978079999999,-73.9757703
FULTON ST,304,03/10/2020,2345ACJZ,51165,56075,40.709373,-74.0083258
FULTON ST,305,03/10/2020,ACJZ2345,25490,15932,40.7093627,-74.0084614
FULTON ST,306,03/10/2020,G,5854,4872,40.6870915,-73.9755609
GATES AV,307,03/10/2020,JZ,6954,3134,40.6896184,-73.9222369
GRAHAM AV,308,03/10/2020,L,8375,5609,40.714509,-73.944426
GRAND ARMY PLAZ,309,03/10/2020,23,6689,2648,40.675236,-73.971046
GRAND ST,310,03/10/2020,BD,18651,13551,40.7182003,-73.9935756
GRAND ST,311,03/10/2020,L,6210,6069,40.711977,-73.940708
GRAND-NEWTOWN,312,03/10/2020,MR,14964,9953,40.7370102,-73.8783366
GRANT AV,313,03/10/2020,A,5641,5065,40.6768777,-73.86534619999999
GRD CNTRL-42 ST,314,03/10/2020,4567S,110046,112120,40.7558611,-73.987061
GREENPOINT AV,315,03/10/2020,G,9028,6977,40.7301618,-73.9540458
GROVE STREET,316,03/10/2020,1,18839,20299,40.7804738,-74.1880839
GUN HILL RD,317,03/10/2020,25,7186,8238,40.8777392,-73.86630459999999
GUN HILL RD,318,03/10/2020,5,2330,2019,40.8777392,-73.86630459999999
HALSEY ST,319,03/10/2020,J,6111,3109,40.685682,-73.915458
HALSEY ST,320,03/10/2020,L,7395,4723,40.696095,-73.905029
HARLEM 148 ST,321,03/10/2020,3,3558,3573,40.8240504,-73.9369385
HARRISON,322,03/10/2020,1,7525,8648,41.8741534,-87.6275584
HEWES ST,323,03/10/2020,JM,3065,2738,40.7068229,-73.95342699999999
HIGH ST,324,03/10/2020,AC,8510,8070,40.6994297,-73.9914094
HOUSTON ST,325,03/10/2020,1,12835,8597,40.7286024,-74.0053168
HOWARD BCH JFK,326,03/10/2020,A,3792,2266,40.6604192,-73.8302715
HOYT ST,327,03/10/2020,23,7042,5782,40.690531,-73.985109
HOYT-SCHER,328,03/10/2020,ACG,10494,8742,40.6888,-73.9853
HUNTERS PT AV,329,03/10/2020,7,6753,5630,40.7424176,-73.9481564
HUNTS POINT AV,330,03/10/2020,6,9098,10235,40.8208037,-73.89088120000001
INTERVALE AV,331,03/10/2020,25,3241,3166,40.8222642,-73.8968106
INWOOD-207 ST,332,03/10/2020,A,9176,4267,40.8676635,-73.9212009
JACKSON AV,333,03/10/2020,25,4954,954,40.746739,-73.8909986
JAMAICA 179 ST,334,03/10/2020,F,20455,8494,40.7127866,-73.7832876
JAMAICA CENTER,335,03/10/2020,EJZ,34104,32669,40.7021447,-73.8008771
JAMAICA VAN WK,336,03/10/2020,E,4419,4871,40.70274089999999,-73.8172514
JAY ST-METROTEC,337,03/10/2020,ACF,34867,26170,40.6922507,-73.9872792
JAY ST-METROTEC,338,03/10/2020,R,3673,2709,40.69225429999999,-73.9862942
JEFFERSON ST,339,03/10/2020,L,6540,1606,40.7070754,-73.9238689
JFK JAMAICA CT1,340,03/10/2020,E,7720,5705,40.7005728,-73.8077071
JKSN HT-ROOSVLT,341,03/10/2020,EFMR7,45198,36471,40.746739,-73.8909986
JOURNAL SQUARE,342,03/10/2020,1,20903,20361,40.73265,-74.0626901
JUNCTION BLVD,343,03/10/2020,7,20816,21849,40.749203,-73.8693365
JUNIUS ST,344,03/10/2020,3,2452,3171,40.6634442,-73.90291169999999
KEW GARDENS,345,03/10/2020,EF,23395,23378,40.7141955,-73.8309659
KINGS HWY,346,03/10/2020,BQ,17739,15955,40.60867349999999,-73.9578112
KINGS HWY,347,03/10/2020,F,3472,3376,40.60867349999999,-73.9578112
KINGS HWY,348,03/10/2020,N,4399,4611,40.60505209999999,-73.9805643
KINGSBRIDGE RD,349,03/10/2020,4,9350,5554,40.8677601,-73.89730279999999
KINGSBRIDGE RD,350,03/10/2020,BD,8005,6736,40.8662419,-73.8939541
KINGSTON AV,351,03/10/2020,3,4240,3868,40.6692845,-73.9422927
KINGSTON-THROOP,352,03/10/2020,C,6233,5886,40.6798265,-73.9411294
KNICKERBOCKER,353,03/10/2020,M,4673,5294,40.6987489,-73.9197228
KOSCIUSZKO ST,354,03/10/2020,J,5399,2101,40.6932868,-73.9288263
LACKAWANNA,355,03/10/2020,1,10461,9375,40.7349823,-74.02759209999999
LAFAYETTE AV,356,03/10/2020,C,3300,1507,40.6863222,-73.9744759
LEXINGTON AV/53,357,03/10/2020,EM6,32257,38127,40.7576981,-73.9690742
LEXINGTON AV/63,358,03/10/2020,F,17631,17256,40.7641324,-73.96503419999999
LIBERTY AV,359,03/10/2020,C,2841,1438,40.6744035,-73.8965181
LIVONIA AV,360,03/10/2020,L,3174,2507,40.66404,-73.90057399999999
LONGWOOD AV,361,03/10/2020,6,1426,1849,40.8163341,-73.89624309999999
LORIMER ST,362,03/10/2020,JM,4795,3540,40.7039504,-73.94738199999999
LORIMER ST,363,03/10/2020,LG,4711,1156,40.7139225,-73.9493905
MARBLE HILL-225,364,03/10/2020,1,4895,1182,40.8743487,-73.91043309999999
MARCY AV,365,03/10/2020,JMZ,12119,10431,40.7085154,-73.95785459999999
METROPOLITAN AV,366,03/10/2020,GL,7964,5114,40.7121327,-73.889276
METROPOLITAN AV,367,03/10/2020,M,3020,3158,40.7137509,-73.9517724
METS-WILLETS PT,368,03/10/2020,7,2433,2446,40.7547251,-73.8456569
MIDDLETOWN RD,369,03/10/2020,6,2155,2188,40.843915,-73.8361681
MONTROSE AV,370,03/10/2020,L,6345,3576,40.707612,-73.939877
MORGAN AV,371,03/10/2020,L,6335,3801,40.706279,-73.93198
MORISN AV/SNDVW,372,03/10/2020,6,6587,6104,40.8294898,-73.8746754
MORRIS PARK,373,03/10/2020,5,2289,2518,40.854539,-73.8602974
MOSHOLU PKWY,374,03/10/2020,4,7766,2748,40.8797547,-73.8845616
MT EDEN AV,375,03/10/2020,4,5106,3518,40.8445245,-73.9145989
MYRTLE AV,376,03/10/2020,JMZ,11721,7304,40.6972672,-73.9358171
MYRTLE-WILLOUGH,377,03/10/2020,G,5789,3133,40.69546709999999,-73.9492203
MYRTLE-WYCKOFF,378,03/10/2020,LM,18205,11727,40.699686,-73.9117713
NASSAU AV,379,03/10/2020,G,9264,9412,40.7238304,-73.9506401
NECK RD,380,03/10/2020,BQ,4073,1279,40.5951531,-73.9550266
NEPTUNE AV,381,03/10/2020,F,1497,670,40.581131,-73.97457
NEREID AV,382,03/10/2020,25,3319,1491,40.8984566,-73.8542993
NEVINS ST,383,03/10/2020,2345,9130,9272,40.6882938,-73.9805205
NEW LOTS,384,03/10/2020,L,4164,4589,40.659025,-73.899364
NEW LOTS AV,385,03/10/2020,3,5517,5981,40.6663158,-73.8837618
NEW UTRECHT AV,386,03/10/2020,ND,4225,3214,40.6255554,-73.99678589999999
NEWARK BM BW,387,03/10/2020,1,12932,419,40.7345989,-74.1639867
NEWARK C,388,03/10/2020,1,5789,300,40.7345989,-74.1639867
NEWARK HM HE,389,03/10/2020,1,2201,19027,40.7345989,-74.1639867
NEWARK HW BMEBE,390,03/10/2020,1,5034,7712,40.7345989,-74.1639867
NEWKIRK AV,391,03/10/2020,25,7181,4729,40.639969,-73.94841
NEWKIRK PLAZA,392,03/10/2020,BQ,10036,9545,40.6349893,-73.9627801
NORTHERN BLVD,393,03/10/2020,MR,6379,5464,40.7531164,-73.9071111
NORWOOD 205 ST,394,03/10/2020,D,8611,6462,40.8741411,-73.8775224
NORWOOD AV,395,03/10/2020,JZ,3130,3583,40.6817068,-73.8791274
NOSTRAND AV,396,03/10/2020,3,3972,3959,40.6697408,-73.9507388
NOSTRAND AV,397,03/10/2020,AC,16368,11135,40.6804056,-73.94957219999999
OCEAN PKWY,398,03/10/2020,Q,2905,1018,40.576313,-73.968498
OZONE PK LEFFRT,399,03/10/2020,A,7299,5865,40.6861622,-73.82452599999999
PARK PLACE,400,03/10/2020,23ACE,2619,2417,40.7132422,-74.0092559
PARK PLACE,401,03/10/2020,S,1565,1730,40.674736,-73.9578518
PARKCHESTER,402,03/10/2020,6,14984,16493,40.8332116,-73.8610088
PARKSIDE AV,403,03/10/2020,BQ,5925,4259,40.655293,-73.96149400000002
PARSONS BLVD,404,03/10/2020,F,6620,6931,40.707714,-73.8028238
PATH NEW WTC,405,03/10/2020,1,51081,46911,40.7126452,-74.00989799999999
PATH WTC 2,406,03/10/2020,1,2766,8739,40.7117347,-74.0121198
PAVONIA/NEWPORT,407,03/10/2020,1,13612,14097,40.726699,-74.03612489999999
PELHAM BAY PARK,408,03/10/2020,6,7123,4013,40.85293069999999,-73.8270555
PELHAM PKWY,409,03/10/2020,25,8508,4014,40.8588602,-73.8554592
PELHAM PKWY,410,03/10/2020,5,3444,2422,40.8570653,-73.86770589999999
PENNSYLVANIA AV,411,03/10/2020,3,4539,2594,40.6646911,-73.8941747
PRESIDENT ST,412,03/10/2020,25,3797,4450,40.6681585,-73.9506586
PRINCE ST,413,03/10/2020,NRW,8892,9185,40.7242323,-73.997806
PROSPECT AV,414,03/10/2020,25,7212,2378,40.66541369999999,-73.99292590000002
PROSPECT AV,415,03/10/2020,R,5562,4050,40.66541369999999,-73.99292590000002
PROSPECT PARK,416,03/10/2020,BQS,9354,7583,40.6608941,-73.9621229
QUEENS PLAZA,417,03/10/2020,EMR,14885,14271,40.7488451,-73.9374357
QUEENSBORO PLZ,418,03/10/2020,7NQW,13860,4471,40.750584,-73.940201
RALPH AV,419,03/10/2020,C,5694,2989,40.6787336,-73.9215528
RECTOR ST,420,03/10/2020,1,6840,5199,40.7078954,-74.01363649999999
RECTOR ST,421,03/10/2020,NRW,6038,2188,40.7078954,-74.01363649999999
RIT-MANHATTAN,422,03/10/2020,R,3138,42,40.7830603,-73.9712488
RIT-ROOSEVELT,423,03/10/2020,R,2926,62,40.746739,-73.8909986
ROCKAWAY AV,424,03/10/2020,3,4828,5682,40.6625632,-73.9089054
ROCKAWAY AV,425,03/10/2020,C,5724,3680,40.6784919,-73.91077179999999
ROCKAWAY BLVD,426,03/10/2020,A,7215,2031,40.6803958,-73.84383849999999
ROCKAWAY PARK B,427,03/10/2020,AS,591,727,40.5805469,-73.8374249
ROOSEVELT ISLND,428,03/10/2020,F,5858,5233,40.7591215,-73.95331879999999
SARATOGA AV,429,03/10/2020,3,5281,5749,40.6615729,-73.9160543
SENECA AVE,430,03/10/2020,M,3333,3501,40.7028022,-73.9077234
SHEEPSHEAD BAY,431,03/10/2020,BQ,13282,12125,40.5867923,-73.95424229999999
SHEPHERD AV,432,03/10/2020,C,3275,1930,40.6741306,-73.8808073
SIMPSON ST,433,03/10/2020,25,8234,2399,40.8242542,-73.89289169999999
SMITH-9 ST,434,03/10/2020,FG,4258,5418,40.6739071,-73.9965515
SOUTH FERRY,435,03/10/2020,1RW,12395,8846,40.7017294,-74.0129572
SPRING ST,436,03/10/2020,6,7698,9277,40.722301,-73.99713899999999
SPRING ST,437,03/10/2020,CE,11883,2347,40.7257799,-74.00395209999999
ST LAWRENCE AV,438,03/10/2020,6,4040,4102,40.8315326,-73.8672593
ST. GEORGE,439,03/10/2020,1,12113,0,40.84913,-73.93372889999999
STEINWAY ST,440,03/10/2020,MR,13325,10947,40.7567049,-73.9206646
STERLING ST,441,03/10/2020,25,5187,3458,40.6632908,-73.951044
SUTPHIN BLVD,442,03/10/2020,F,4446,3262,40.7055477,-73.8097056
SUTPHIN-ARCHER,443,03/10/2020,EJZ,21420,19762,40.7005728,-73.8077071
SUTTER AV,444,03/10/2020,L,3457,2873,40.6693045,-73.9019022
SUTTER AV-RUTLD,445,03/10/2020,3,6721,7874,40.6649921,-73.92290849999999
THIRTY ST,446,03/10/2020,1,9936,6782,40.8564197,-73.932621
THIRTY THIRD ST,447,03/10/2020,1,18475,13697,40.749111,-73.98824
TIMES SQ-42 ST,448,03/10/2020,1237ACENQRS,14540,8544,40.7558611,-73.987061
TIMES SQ-42 ST,449,03/10/2020,1237ACENQRSW,45225,51618,40.7558611,-73.987061
TIMES SQ-42 ST,450,03/10/2020,ACENQRS1237W,14037,18540,40.7558611,-73.987061
TOMPKINSVILLE,451,03/10/2020,1,678,1,40.6376266,-74.07502889999999
TREMONT AV,452,03/10/2020,BD,9661,6312,40.85041,-73.905228
TWENTY THIRD ST,453,03/10/2020,1,8826,10291,40.74112969999999,-73.9890454
UNION ST,454,03/10/2020,R,6838,5136,40.6771729,-73.9832467
UTICA AV,455,03/10/2020,AC,15477,12692,40.6793738,-73.9306335
V.CORTLANDT PK,456,03/10/2020,1,6354,2683,40.889904,-73.8982903
VAN SICLEN AV,457,03/10/2020,3,2742,3058,40.6654424,-73.8891273
VAN SICLEN AV,458,03/10/2020,JZ,2642,2893,40.6780358,-73.89172470000001
VAN SICLEN AVE,459,03/10/2020,C,2968,3005,40.67274219999999,-73.8903155
VERNON-JACKSON,460,03/10/2020,7,14490,10227,40.7426713,-73.9537248
W 4 ST-WASH SQ,461,03/10/2020,ABCDEFM,34478,32811,40.732299,-74.0005192
W 8 ST-AQUARIUM,462,03/10/2020,FQ,2297,1508,40.576126,-73.975937
WAKEFIELD/241,463,03/10/2020,2,4592,5180,40.9035209,-73.8504209
WALL ST,464,03/10/2020,23,20979,20473,40.7063965,-74.0094441
WALL ST,465,03/10/2020,45,16434,13117,40.7063965,-74.0094441
WEST FARMS SQ,466,03/10/2020,25,5397,4563,40.8405859,-73.8796649
WESTCHESTER SQ,467,03/10/2020,6,6263,5834,40.8401247,-73.8428258
WHITEHALL S-FRY,468,03/10/2020,R1W,14960,14622,40.702161,-74.0127837
WHITLOCK AV,469,03/10/2020,6,1905,2150,40.8267442,-73.8863456
WILSON AV,470,03/10/2020,L,4307,3893,40.6887823,-73.9046724
WINTHROP ST,471,03/10/2020,25,7062,1959,40.6571773,-73.9500546
WOODHAVEN BLVD,472,03/10/2020,JZ,4832,2903,40.6939097,-73.85139269999999
WOODHAVEN BLVD,473,03/10/2020,MR,18413,11762,40.7333477,-73.8704271
WOODLAWN,474,03/10/2020,4,6409,1730,40.88603699999999,-73.878751
WORLD TRADE CTR,475,03/10/2020,ACE23,14364,12258,40.7126452,-74.00989799999999
WTC-CORTLANDT,476,03/10/2020,1,10316,10030,40.7117347,-74.0121198
YORK ST,477,03/10/2020,F,10608,5367,40.7013482,-73.98660009999999
ZEREGA AV,478,03/10/2020,6,2708,2637,40.8368105,-73.8466696